{
  "state": "200",
  "message": "success",
  "data": {
    "banner": [
      "https://manhua.qpic.cn/operation/0/19_23_51_3fa71e4fd07f0f370af0465faa6ccdb5_1555689063579.jpg/0",
      "https://manhua.qpic.cn/operation/0/19_23_51_898a3baa00cba550d9fe64a372bee24a_1555689101098.jpg/0",
      "https://manhua.qpic.cn/operation/0/19_23_52_6234abed1062e3601cd639fd376760a3_1555689133306.jpg/0",
      "https://manhua.qpic.cn/operation/0/19_23_52_c0343c40a42861d776eb2b265015bef2_1555689169278.jpg/0",
      "https://manhua.qpic.cn/operation/0/19_23_53_8968d75fb1619aa30adfaf271a271642_1555689199834.jpg/0"
    ],
    "blockList": [
      {
        "cover": "https://manhua.qpic.cn/vertical/0/31_18_48_9cc9207ef30ff63eb5760b08db398bd2_1522493317646.jpg/210",
        "title": "脱团大作战",
        "description": "变成妹子开后宫"
      },
      {
        "cover": "https://manhua.qpic.cn/vertical/0/17_17_14_15c6ee8113c862daddf4b886a12b24cd.jpg/210",
        "title": "火戟特工",
        "description": "接单除妖，特工参上"
      },
      {
        "cover": "https://manhua.qpic.cn/vertical/0/05_08_42_9e04bd6448969ddae05caf617334ae86_1501893743108.jpg/210",
        "title": "天神纠错组",
        "description": "我的老板是天神~！"
      },
      {
        "cover": "https://manhua.qpic.cn/vertical/0/17_16_12_e255333f25db437c2b3f7465634e84d6.jpg/210",
        "title": "白泽异闻录",
        "description": "白泽，行走的美男计"
      },
      {
        "cover": "https://manhua.qpic.cn/vertical/0/17_17_09_e1117593631cf3e911bcfd4eab872518.jpg/210",
        "title": "整容医师",
        "description": "整形医生的明争暗斗"
      },
      {
        "cover": "https://manhua.qpic.cn/vertical/0/11_15_46_46946230d0e6c8a6fb2131bc534f8514_1536652000382.jpg/210",
        "title": "阿多尼斯",
        "description": "重生女主征服世界"
      }
    ],
    "recommendEveryDay": {
      "cover": "https://manhua.qpic.cn/operation/0/12_21_47_fb128483361b6c3de7a96b56411d0573_1534081656643.jpg/0",
      "title": "狐妖小红娘",
      "author": "作者：小新"
    },
    "updateTodayList": [
      {
        "cover": "https://manhua.qpic.cn/vertical/0/17_17_12_5341946e0a496194d17575df7b0d23cf.jpg/210",
        "title": "神俑降临",
        "author": "作者：莒小暗",
        "newUpdate": "更新到271话"
      },
      {
        "cover": "https://manhua.qpic.cn/vertical/0/27_15_28_3ddec3acc01cc021306e187360a97570_1535354882004.jpg/210",
        "title": "我的男友风净尘",
        "author": "作者：极光动漫",
        "newUpdate": "更新到412话"
      },
      {
        "cover": "https://manhua.qpic.cn/vertical/0/26_11_06_35bd4ea1ac2dda5e1ffb3bc09add9086_1543201615335.jpg/210",
        "title": "传武",
        "author": "作者：GK工坊",
        "newUpdate": "更新到115话"
      }
    ]
  }
}